first_name,last_name,country
Bruce,Bennett,Indonesia
Keith,Garza,Brazil
Joyce,Carpenter,China
Phyllis,Hernandez,Argentina
Russell,Perkins,Oman
Shawn,Carpenter,Japan
Denise,Dixon,Thailand
Dennis,Hernandez,China
David,Richards,China
Michelle,Peters,China
Pamela,Chavez,China
Johnny,Graham,China
Ernest,Mcdonald,Morocco
Deborah,Holmes,Poland
Ryan,Reyes,China
Marilyn,Wells,China
Johnny,Hamilton,Thailand
Karen,Lawson,Ukraine
Sandra,Howard,Poland
Irene,Fernandez,Thailand
Nancy,Fields,China
Susan,Hunt,Mexico
Lori,Hayes,Lithuania
Michael,Simpson,Indonesia
Terry,Rose,Russia
Virginia,Price,China
Irene,Gray,Sweden
Brian,Allen,China
Michael,Payne,China
Matthew,Watson,Brazil
Carl,Shaw,Indonesia
Ann,Evans,Angola
Roy,Cruz,Thailand
Linda,Rogers,Poland
Martha,Franklin,Brazil
Julie,Lynch,Denmark
Margaret,Tucker,China
Rachel,Garrett,Russia
Norma,Riley,China
Julia,Little,Indonesia
Paul,Flores,Ukraine
Margaret,Austin,Indonesia
Paul,Hansen,China
Ruby,Cunningham,Indonesia
Antonio,Gomez,Philippines
Virginia,Henry,China
Russell,Lynch,Philippines
Laura,Kennedy,Portugal
Denise,Wilson,Russia
Elizabeth,Washington,Japan
Eugene,Parker,Japan
Arthur,Nelson,Colombia
Frank,Thomas,Kazakhstan
Richard,Powell,Indonesia
Beverly,Montgomery,Philippines
Julia,Russell,Poland
Carolyn,Gilbert,Brazil
Thomas,Ryan,China
Phillip,Daniels,China
Frances,Watkins,Thailand
Kathy,King,South Africa
Jeremy,Sanders,Russia
Rebecca,Garrett,Philippines
Stephanie,Oliver,Argentina
Christine,Richards,Philippines
Wayne,Dunn,Russia
Julia,Mendoza,United States
Melissa,Gonzalez,Indonesia
Jeffrey,Oliver,Brazil
Steve,Wagner,Philippines
Julie,Watkins,Peru
Melissa,Evans,Indonesia
Steven,Anderson,China
Katherine,Simmons,France
Patricia,Russell,Philippines
Diane,Hill,United States
Deborah,Cruz,Croatia
Joan,Carpenter,Russia
Andrew,Price,China
Jane,Mcdonald,Yemen
Margaret,Cook,Brazil
Howard,Simmons,China
Kathleen,Burns,Israel
Walter,Bailey,Japan
Melissa,Cole,Nigeria
Diane,Matthews,Madagascar
Craig,Fernandez,China
Jeremy,Webb,Philippines
Michael,Castillo,France
Doris,Bennett,Chile
James,Wheeler,United States
Ruth,Brooks,Indonesia
Linda,Sims,Madagascar
Elizabeth,Gordon,China
Lisa,Murphy,Russia
Steven,Hughes,Russia
Maria,Wallace,China
Carlos,Martinez,Russia
Tammy,Ramirez,Yemen
Karen,Morgan,China
James,Bryant,Vietnam
Wanda,Nguyen,Russia
Sara,Morgan,Angola
Phillip,Gibson,France
Irene,Pierce,China
Raymond,Weaver,Norway
Shirley,Matthews,France
Amy,Palmer,United States
Sean,Flores,China
Carolyn,Robertson,Comoros
Judy,Cox,Mongolia
Billy,Stewart,China
Marilyn,Baker,Philippines
Robert,Howard,Hungary
Denise,Greene,Malaysia
Irene,Nelson,Indonesia
Karen,Stephens,Argentina
Edward,Lane,Panama
Joe,Gardner,Mexico
Maria,Lewis,Malaysia
Lawrence,Marshall,Russia
Matthew,Dunn,Poland
Evelyn,Ryan,Mexico
Alan,Mccoy,Indonesia
Andrea,Cruz,China
Louis,Reyes,Czech Republic
Christine,Simmons,Argentina
Stephen,Diaz,China
Larry,Willis,Vietnam
Terry,Rice,Sweden
Kimberly,Palmer,China
Joyce,Washington,Portugal
Katherine,Wilson,Cameroon
Angela,Evans,China
Arthur,Shaw,Indonesia
Brian,Perez,Portugal
Jesse,Simpson,Indonesia
Julie,Lewis,Syria
Lori,Harvey,Belarus
Rebecca,Ward,Indonesia
Angela,Barnes,Russia
David,Miller,Philippines
Theresa,Chapman,France
Steven,Ramos,Portugal
Thomas,Stanley,Portugal
Sara,Fernandez,Indonesia
Frances,Thompson,Canada
Brenda,Scott,China
Marilyn,Wright,China
Lawrence,Matthews,Brazil
Dennis,Parker,Peru
Jeremy,Morgan,Nigeria
Wanda,Coleman,Russia
Harold,Price,Russia
Carolyn,Reed,Russia
Diana,Cruz,Poland
Melissa,Morrison,China
Dorothy,Lynch,Colombia
Sean,Olson,China
Steven,Hunt,Indonesia
Jean,Harvey,Philippines
Steve,Pierce,China
Jane,Stanley,Russia
Martin,Griffin,Philippines
Kathy,Gutierrez,Indonesia
Timothy,George,Russia
Eric,Ward,Cameroon
Philip,Patterson,Mongolia
Joseph,Reyes,Syria
Peter,Freeman,China
Melissa,Sullivan,Indonesia
Roy,Olson,China
Clarence,Garcia,Portugal
Evelyn,Matthews,Portugal
James,Evans,Philippines
Karen,Davis,Russia
Judy,Mitchell,Guatemala
Sara,Mitchell,Brazil
Norma,Russell,China
Katherine,Frazier,Indonesia
Brenda,Oliver,Indonesia
Antonio,Fernandez,Russia
Lillian,Black,Nicaragua
Ruth,Howell,Yemen
John,Allen,Guatemala
Rebecca,Hughes,Russia
Richard,Harris,Malaysia
James,Sullivan,China
Steven,Dean,Poland
Jane,Armstrong,Pakistan
Angela,Stephens,Czech Republic
Lisa,Ray,Brazil
Jeffrey,Lynch,Finland
Nicholas,Fuller,Portugal
Matthew,Morgan,Greece
Eric,Powell,China
Henry,Webb,Argentina
Terry,Ryan,Sweden
Julie,Price,Indonesia
Victor,Ross,China
Walter,Robinson,Brazil
Richard,Reid,Mexico
Randy,Martinez,Indonesia
Sara,Rodriguez,Philippines
Michael,Patterson,Sweden
Angela,Lopez,Indonesia
Ernest,Ward,Syria
Amanda,Holmes,United States
Samuel,Meyer,Canada
Betty,Little,China
Margaret,Lawson,Japan
Christina,Nichols,Malawi
Theresa,Frazier,China
Cheryl,Reed,Sweden
Margaret,Powell,Estonia
Rose,Davis,Indonesia
Angela,Reyes,Venezuela
Stephen,Fuller,China
Carolyn,Carr,China
Rebecca,Lawrence,Russia
Anne,Garcia,Bosnia and Herzegovina
Jerry,Gibson,France
Heather,Daniels,Indonesia
Paula,Morales,Armenia
Jacqueline,Robinson,Philippines
Doris,Bryant,Kosovo
Gloria,Johnston,Colombia
Nicholas,Berry,China
Sandra,Allen,Greece
Rebecca,Alexander,Nicaragua
Victor,Hughes,Bosnia and Herzegovina
Frances,Olson,South Africa
Russell,Ford,Philippines
Norma,Greene,South Korea
Bobby,Reyes,Philippines
Carolyn,Holmes,Ireland
Lori,Dixon,Sweden
Doris,Day,Poland
Michelle,Hanson,Vietnam
Gloria,Burns,Greece
Gregory,Cox,Portugal
Marilyn,Vasquez,Sri Lanka
Brandon,Ross,Indonesia
Patricia,Mills,Czech Republic
Sara,Woods,Russia
Johnny,Kim,Argentina
Jessica,Nichols,Norway
James,Fernandez,Brazil
Lillian,Foster,China
Ronald,Kennedy,Portugal
Paul,Cruz,China
Albert,Dean,Russia
Rebecca,Marshall,Indonesia
Sharon,West,China
George,West,Indonesia
Walter,Reyes,Kenya
Wanda,Reid,Colombia
Marilyn,Fields,Philippines
Martha,Lawrence,Russia
Debra,Cox,New Zealand
Lawrence,Rose,Thailand
Jessica,Mcdonald,Nigeria
Jeremy,Mills,China
Albert,Foster,China
Alan,George,Sweden
Nicole,Medina,China
Juan,Ramirez,Ukraine
John,Hawkins,Thailand
Scott,Harvey,Czech Republic
Peter,Ramos,Kyrgyzstan
Wayne,Peters,Indonesia
Teresa,Schmidt,Indonesia
Tammy,Burns,Brazil
Chris,Lynch,Jersey
Billy,Coleman,United States
Linda,Stone,Iraq
Susan,Long,Canada
Ashley,Lopez,Vietnam
Michael,Cruz,Portugal
Eric,Meyer,Ethiopia
Billy,Ray,Indonesia
Lawrence,Campbell,China
Ashley,Fisher,Nepal
Johnny,Frazier,Israel
Henry,Warren,Sweden
Jesse,Alexander,Czech Republic
Wanda,Rivera,Nigeria
Brandon,Holmes,Sweden
John,Bell,China
Ruby,Young,China
Margaret,Flores,Russia
Debra,Cox,Indonesia
Michael,Chavez,Russia
Gerald,Taylor,United States
Jesse,Cunningham,Lesotho
Phillip,Gray,Brazil
Angela,Larson,Ukraine
Jesse,Burke,Portugal
Patricia,Hunt,Indonesia
Sandra,Mcdonald,Czech Republic
Douglas,Kelley,Kenya
Christopher,Wheeler,Zimbabwe
Bruce,Harper,France
Christine,Burton,Indonesia
Kathleen,Reynolds,Uganda
Doris,Fuller,Armenia
Jennifer,Alexander,Poland
Johnny,Thompson,China
Sandra,Carter,China
Ann,Carroll,Indonesia
Ruth,Mcdonald,France
Benjamin,Bishop,Indonesia
Samuel,Brooks,China
Bonnie,Tucker,Latvia
Carl,Miller,Portugal
Rose,Lewis,Russia
Norma,Garza,France
Ashley,Harvey,Syria
Jerry,Butler,Madagascar
Clarence,Larson,Poland
Timothy,Jenkins,Philippines
Mary,Oliver,Indonesia
Beverly,Ortiz,Azerbaijan
Sean,George,China
Martha,Mccoy,Costa Rica
Irene,Austin,Brazil
Carlos,Schmidt,Mexico
Sandra,Welch,Indonesia
Patrick,Mcdonald,Croatia
Nicole,Thompson,Japan
Helen,Stephens,China
Melissa,Freeman,China
Deborah,Schmidt,China
Kathy,Lawson,Serbia
Ralph,Gomez,Brazil
Kathryn,Hall,Sweden
Randy,Hicks,Philippines
Shawn,Griffin,Portugal
Doris,Austin,Morocco
Karen,Lewis,Indonesia
Stephanie,Berry,Chile
Jonathan,Lopez,Brazil
Nicole,Allen,Russia
Jessica,Howard,Poland
Ryan,Bennett,Uganda
Juan,Jacobs,Canada
Raymond,Palmer,China
Donald,Young,Belarus
Christina,Foster,Iran
Ralph,King,Thailand
Elizabeth,Williamson,Philippines
Lisa,Hughes,France
Richard,Garcia,Russia
Dorothy,Bell,France
Gloria,Hart,Finland
Daniel,Gray,Indonesia
Ashley,Tucker,China
Gerald,Lawrence,Indonesia
Kelly,Sanchez,Iran
Ashley,Murphy,Indonesia
Judith,Martin,China
Chris,Ramirez,Sweden
Julie,Watson,Hong Kong
Roger,Brooks,Myanmar
Susan,Jones,Indonesia
Joshua,Kelley,Croatia
Christina,Fuller,Russia
Paula,Burton,Portugal
Amanda,Simpson,China
Barbara,Torres,Iran
Philip,Alexander,China
Bonnie,Simpson,Russia
Mark,Dunn,Sweden
Matthew,Dean,Myanmar
Debra,Wallace,Afghanistan
Samuel,Robertson,Brazil
Mark,Watkins,Germany
Nicole,Price,China
Debra,Baker,China
Brian,George,Poland
Julia,Parker,Sweden
Ronald,Dunn,Indonesia
Louise,Hunt,China
Patrick,Roberts,Slovenia
Raymond,Rice,Indonesia
James,Wright,France
Teresa,Peterson,United States
Thomas,Phillips,Sweden
Michelle,Garcia,Guinea-Bissau
Linda,James,China
Brian,Chapman,Indonesia
Kevin,Gonzalez,Palestinian Territory
Carl,Daniels,Indonesia
Rachel,Shaw,Nigeria
Barbara,Mills,China
Sandra,Torres,China
Maria,Tucker,Indonesia
Ruth,Medina,Nicaragua
Roger,Harrison,China
Shirley,Richards,Ukraine
Benjamin,Richards,Ecuador
Jesse,Medina,Brazil
Elizabeth,Weaver,China
Amy,Carter,United States
Timothy,Payne,Poland
Sean,Scott,Japan
Mary,Washington,Brazil
Joan,Rogers,Poland
Ralph,Schmidt,Bosnia and Herzegovina
Nicholas,Boyd,Poland
Albert,Arnold,Czech Republic
Jean,Owens,China
Eugene,Frazier,China
Rose,Freeman,China
Phillip,Romero,China
Chris,Hansen,Brazil
Eugene,Garza,Philippines
James,Frazier,Portugal
James,Stone,United States
Jerry,Johnston,Belarus
Louis,Murphy,Canada
James,Berry,China
Clarence,Montgomery,China
Steven,Hughes,China
Keith,Fisher,Brazil
David,Hudson,Indonesia
Jeremy,Riley,Canada
Paula,Campbell,China
Denise,Foster,Portugal
Kathryn,Simpson,Russia
Robert,Gibson,Morocco
Marilyn,Woods,Portugal
Carl,Hudson,Guatemala
Brenda,Coleman,China
Diane,Richards,Italy
Janet,Johnson,Japan
Peter,Fox,Philippines
Christine,Franklin,Nigeria
Gerald,Weaver,Ukraine
Ronald,Harrison,France
Adam,Cox,Canada
Charles,Gutierrez,Philippines
Keith,Ruiz,Greece
Douglas,Watkins,Indonesia
Jane,Jenkins,Chad
Kevin,Johnston,Sweden
Katherine,Evans,Indonesia
Jonathan,Smith,China
Sarah,Simmons,Indonesia
Terry,Patterson,Philippines
Anna,Elliott,Malaysia
Willie,Howard,Mexico
Cheryl,Barnes,Indonesia
Angela,Reid,China
Sean,Foster,Poland
Sara,Kelly,Norway
Amy,Hamilton,United States
Denise,Reed,Dominican Republic
Matthew,Lopez,Latvia
Jean,Cox,Portugal
Michelle,Hamilton,Morocco
Kathryn,Chapman,China
David,Brooks,Indonesia
Beverly,Wright,China
Norma,Wilson,Ukraine
Julia,Jackson,Indonesia
Dorothy,Grant,China
Judy,Weaver,Indonesia
Angela,King,Poland
Shirley,Banks,China
Tammy,Knight,China
Wanda,Lane,China
Kelly,Jackson,Tunisia
Michael,Powell,China
Frank,Robinson,Indonesia
Stephen,Cunningham,China
Sharon,Ryan,Kyrgyzstan
Billy,Simpson,China
Benjamin,Long,Russia
Alan,Bailey,France
Victor,Jones,Canada
Lillian,Snyder,Peru
Katherine,Flores,South Africa
Robert,Watson,Seychelles
Wayne,Campbell,Sweden
Donna,Perry,China
Billy,Welch,Peru
Elizabeth,Evans,Jordan
Ruth,Turner,China
Carol,Hill,Colombia
Dorothy,Mills,Portugal
William,Adams,Indonesia
Theresa,Dunn,Philippines
Jane,Bradley,Belarus
Ruby,Parker,Indonesia
John,Bryant,Indonesia
Jonathan,Morris,Yemen
Albert,Hughes,Germany
Nancy,Fields,Peru
Margaret,Sanchez,Slovenia
Tina,Berry,Indonesia
Albert,Lewis,Georgia
Nancy,Montgomery,Indonesia
Peter,Knight,Peru
Nancy,Ramirez,Poland
Russell,Wheeler,Russia
Edward,Pierce,China
Robin,Schmidt,Indonesia
Sean,Hunt,Russia
Ruth,Henry,Indonesia
Ann,Lewis,Afghanistan
Linda,Grant,Saudi Arabia
Jacqueline,Hayes,Gambia
Benjamin,Ortiz,Dominican Republic
Jose,Garrett,Sweden
Eugene,Dixon,Honduras
Gerald,Morrison,China
John,Payne,China
Irene,Peterson,Vietnam
Bruce,James,Argentina
Judy,Williamson,Argentina
Ryan,Lynch,Vietnam
Judy,Garza,Vietnam
Virginia,Miller,China
Shirley,Simmons,Ecuador
Craig,Bradley,Tuvalu
James,Nelson,Thailand
Ruth,Wilson,Peru
Teresa,Harris,Aland Islands
Henry,Lee,Philippines
Alan,Baker,China
Dorothy,Lopez,France
Kathleen,Ruiz,Yemen
Louise,Davis,Morocco
Fred,Wallace,Indonesia
Louis,Johnson,Ukraine
Brian,Schmidt,China
Sharon,Perez,Russia
Philip,Barnes,Palestinian Territory
Denise,Holmes,Brazil
Helen,Hanson,Czech Republic
Julia,Williamson,Brazil
William,Thomas,Greece
Linda,Reyes,Bulgaria
Andrew,Dixon,China
Lisa,Peterson,Mexico
Ruby,Dean,Philippines
Cynthia,Chapman,Syria
Melissa,Sanders,China
Ruby,Walker,China
Jimmy,Ramos,Madagascar
Angela,Sanchez,Argentina
Wayne,Morris,China
Harold,Russell,Indonesia
Brenda,Watson,Cuba
Judy,Larson,Poland
Kimberly,Larson,Venezuela
Judy,Garrett,Democratic Republic of the Congo
Theresa,Patterson,Russia
Marilyn,George,Indonesia
Frances,Bishop,China
John,Ryan,Poland
Virginia,Lewis,Palau
Heather,Ray,Sweden
David,Flores,Japan
Andrea,Montgomery,Colombia
Wayne,Ramos,Kazakhstan
Gloria,Stevens,China
Diana,Howard,Indonesia
Benjamin,Moreno,China
Jack,Garcia,Tanzania
Richard,Montgomery,Madagascar
Bonnie,Gibson,China
Tina,Nelson,Philippines
Emily,Marshall,Portugal
Norma,Washington,Philippines
Jason,Fuller,Thailand
Adam,Kelly,China
Fred,Ruiz,Macedonia
Scott,Simmons,Serbia
Helen,Little,Peru
Kimberly,Fields,Russia
Martha,Morris,Portugal
James,Williamson,Serbia
Justin,Powell,Ukraine
Julie,Griffin,Tanzania
George,Long,Palestinian Territory
Kevin,Robertson,Argentina
Cheryl,Ford,Portugal
Michael,Ford,Czech Republic
Antonio,Hamilton,Thailand
Brandon,Wright,Mexico
Shawn,Watson,Portugal
Lori,Howell,Philippines
Lois,James,China
Earl,Hill,France
Michelle,Mccoy,Indonesia
Richard,Harper,Mexico
Christine,Richards,Vietnam
Nicole,Rice,Ecuador
Nicole,Mendoza,Peru
Dennis,Hanson,Japan
Robin,Welch,Mexico
Victor,Harvey,Indonesia
Donald,Cook,France
Margaret,Scott,Poland
Louise,Green,Pakistan
Timothy,Boyd,China
Christopher,Hernandez,Malaysia
Debra,Ortiz,Nigeria
Carolyn,Little,China
Teresa,Cooper,Mexico
Johnny,Davis,Indonesia
Larry,Gilbert,Indonesia
Roger,Harris,Indonesia
Arthur,Lewis,Brazil
Sara,Reynolds,Mexico
Kenneth,Hall,France
Anthony,White,Togo
Matthew,Mcdonald,Kyrgyzstan
Debra,Adams,China
Jose,Nelson,Portugal
Howard,Robertson,Colombia
David,Baker,Russia
Lillian,Wells,Thailand
Lisa,Ferguson,Honduras
Brandon,Hughes,Finland
Susan,Clark,China
Michael,Bowman,Sweden
Angela,Walker,China
Justin,Garza,Russia
Earl,Scott,Indonesia
Jonathan,Baker,Venezuela
Sara,Matthews,United States
Kenneth,Burke,China
Henry,Long,Philippines
Anne,Gilbert,Czech Republic
Kathryn,Murray,Norway
Jose,Knight,Indonesia
Norma,Richards,China
Debra,Hughes,Indonesia
Thomas,Hicks,Sweden
Melissa,Baker,Serbia
Justin,Garcia,Indonesia
Benjamin,Hamilton,Nigeria
George,Franklin,South Korea
Benjamin,Howell,Israel
William,Kim,Indonesia
Nicholas,Gray,Paraguay
Susan,Baker,South Africa
Brenda,Austin,Peru
Gerald,Reyes,China
Patrick,Martinez,Brazil
Alan,Chapman,Belgium
Henry,Hanson,Portugal
Michael,Mccoy,Philippines
Phyllis,Carpenter,Sweden
Gerald,Ferguson,Greece
Sean,Carter,China
Shirley,Ross,Portugal
Charles,Kim,China
Eugene,Holmes,Pakistan
Tina,Adams,Costa Rica
Bobby,Hansen,China
Dennis,Harvey,Indonesia
Martin,Mcdonald,Indonesia
Johnny,Hayes,Japan
Ashley,Davis,Indonesia
Heather,Carroll,Poland
Ryan,Elliott,Indonesia
Louise,Nelson,Vietnam
Marie,Marshall,China
Matthew,Gutierrez,Cambodia
Andrea,Coleman,France
Russell,Sullivan,Honduras
Lillian,Miller,Brazil
Jimmy,Marshall,Tanzania
Jonathan,Peterson,Indonesia
Kelly,Davis,Russia
Marilyn,Fuller,Colombia
John,Jacobs,China
Louise,Harper,Russia
David,Robinson,Israel
Christina,Morrison,Brazil
Jimmy,Larson,United States
Cheryl,Bishop,Central African Republic
Evelyn,Pierce,Czech Republic
Laura,Johnston,Macedonia
Jennifer,Barnes,Sweden
Jeremy,Ramos,Russia
Carolyn,Andrews,Philippines
Jerry,Rivera,Sweden
Melissa,Taylor,Kyrgyzstan
Lori,Wells,Indonesia
Steven,Hamilton,Ukraine
Sandra,Martinez,Philippines
Joseph,Jenkins,Japan
Kenneth,Fowler,Greece
Kathy,Mcdonald,Philippines
Melissa,Ferguson,Guatemala
Jack,Fisher,Indonesia
Sarah,Rice,Argentina
David,Hicks,Philippines
Norma,Diaz,China
Gary,Reyes,Brazil
Jennifer,Jones,Indonesia
Richard,Murphy,China
Antonio,Bowman,Tunisia
Lori,Hansen,Portugal
Deborah,Mitchell,Nigeria
Beverly,Tucker,Sweden
Catherine,Burton,Poland
Chris,Moore,Guatemala
Barbara,Kennedy,Azerbaijan
Theresa,Wallace,Indonesia
Jimmy,Morris,Ethiopia
Jacqueline,Ramirez,Japan
Alice,Payne,Russia
Christine,Baker,Indonesia
Brian,Roberts,Indonesia
Sarah,Jones,Indonesia
Catherine,Payne,Russia
Frank,James,Faroe Islands
Heather,Fowler,China
Willie,Armstrong,Japan
Harold,Armstrong,Zimbabwe
Raymond,Lee,Russia
Frank,Foster,China
Helen,Meyer,France
Jason,Jackson,United States
Scott,Larson,Indonesia
Margaret,Woods,China
Theresa,Wright,Latvia
Michael,Moreno,China
Ann,Chapman,Greece
Johnny,Cole,Portugal
Joshua,Arnold,Indonesia
Roger,Hicks,France
Steve,Simmons,Ukraine
Elizabeth,Ward,China
Gloria,Rose,Israel
Kathryn,Cunningham,Peru
Kenneth,Perez,China
Sandra,Berry,Philippines
James,Weaver,China
Samuel,Stevens,China
Jean,Lopez,Colombia
Janet,Williamson,Lesotho
Gerald,Banks,Central African Republic
Earl,Powell,Russia
Laura,Russell,Brazil
Brian,Price,Slovenia
Ashley,Richards,Sudan
Adam,Stewart,Iran
Carol,Rodriguez,France
Craig,Bowman,Mexico
Paul,Hamilton,Russia
Wayne,Ward,China
Martha,Anderson,Bulgaria
Peter,Robertson,Russia
Sarah,Lawson,Guatemala
Steven,Rice,Panama
Donald,Johnston,Philippines
Jean,Washington,Vietnam
Howard,Kim,Russia
Mary,Hughes,Brazil
Linda,Edwards,Indonesia
Kimberly,Hall,Indonesia
Judith,Morales,Peru
Larry,Gomez,Colombia
Emily,Wallace,Indonesia
Ryan,Cox,Malaysia
Frank,Phillips,Philippines
Frank,Adams,China
Charles,Watkins,Maldives
Aaron,Ramos,Paraguay
Martin,Burton,China
Jason,Lee,Mexico
Earl,Martinez,United States
Terry,Perkins,Indonesia
Marilyn,Greene,China
Willie,Stone,Indonesia
Nicholas,Kennedy,China
Wanda,Little,Indonesia
Walter,Pierce,Ukraine
Raymond,Daniels,Philippines
Angela,Montgomery,United States
Theresa,Willis,Indonesia
Timothy,Wells,Indonesia
Walter,King,Philippines
Shawn,Myers,Indonesia
Ann,Stephens,Portugal
Jessica,Chapman,China
Carol,Myers,Indonesia
Randy,Burke,Sudan
Walter,Harvey,China
Joan,Burton,Indonesia
John,Long,Kazakhstan
Todd,Fox,Canada
Philip,Reynolds,Indonesia
Cynthia,Griffin,United States
Katherine,Lawrence,China
Willie,Dean,China
Joe,Vasquez,Canada
Christina,Howard,Indonesia
Adam,Berry,Nigeria
Adam,Fox,Peru
Eric,Armstrong,Spain
Carol,Fields,Czech Republic
Timothy,Coleman,Norway
Donald,Harrison,Thailand
Kathy,Morgan,Indonesia
Evelyn,Lawrence,China
Janet,Watson,China
Sara,Fernandez,Argentina
Craig,Ramirez,Brazil
Kelly,Morrison,South Sudan
Benjamin,Boyd,China
Todd,Marshall,Russia
Nancy,Robinson,Ireland
Justin,Cox,China
Amanda,Henderson,Indonesia
Wayne,Franklin,China
Sandra,Ford,Mali
Donald,Phillips,Argentina
Henry,Bennett,Togo
Antonio,Robertson,China
Janet,Ramos,Pakistan
Sarah,Walker,Philippines
Fred,Dunn,Russia
Keith,Lee,Sweden
Bruce,Peters,Venezuela
Ann,Mendoza,China
Michael,Robertson,Indonesia
Dennis,Carroll,Greece
Katherine,Morales,Thailand
Maria,Howell,China
Alice,Martinez,Portugal
Christopher,Edwards,Russia
Juan,Wheeler,Norway
Heather,Moreno,China
Shawn,Hall,Cuba
Mary,Cooper,Canada
Carl,Lynch,China
Ernest,Garza,China
Anne,Burns,Philippines
Kelly,Mason,Peru
Jesse,Evans,Denmark
Charles,Johnston,China
Adam,Ramos,Philippines
Angela,Day,Vietnam
Kevin,Richardson,China
Scott,Green,Indonesia
Tina,Kennedy,Russia
Jean,Flores,Colombia
Peter,Ferguson,Peru
John,Harrison,Costa Rica
Christine,Tucker,China
Roger,Reynolds,Philippines
Janice,Richardson,Indonesia
Teresa,Morrison,Thailand
James,Reid,Central African Republic
Jean,Harvey,Peru
Sandra,Rose,China
Jose,Gordon,Czech Republic
Sean,Scott,Macedonia
Michelle,Fuller,Czech Republic
Bobby,Nelson,Russia
Steve,Thompson,China
Wayne,Mcdonald,Micronesia
Terry,Kennedy,China
Kelly,Bailey,Japan
Roy,Mendoza,Russia
Shirley,Perez,Nigeria
Ryan,Lane,Japan
Kathryn,Porter,Indonesia
Catherine,Roberts,Peru
Paul,Bell,Bosnia and Herzegovina
Gary,Kelly,Haiti
Howard,Bowman,France
Elizabeth,Morales,Poland
Sean,Baker,China
Larry,Knight,Brazil
Laura,Perkins,Guatemala
Sarah,Spencer,Poland
Johnny,Gray,South Korea
Keith,Russell,China
Mildred,Lopez,Russia
Jimmy,Lynch,Morocco
Adam,Fowler,Indonesia
Dorothy,Richards,North Korea
Deborah,Lane,Ukraine
Joseph,Cook,Ukraine
Judy,Kim,Philippines
Billy,Ortiz,Slovenia
Anna,Gonzalez,Honduras
Kimberly,Green,Philippines
Ruth,Henderson,Greece
Jane,Jenkins,Indonesia
Harry,Holmes,Chile
Ernest,Gardner,Nigeria
Jesse,Hicks,Austria
Stephen,Franklin,China
Jack,Hudson,Indonesia
Julie,Barnes,Indonesia
Shawn,Dean,Kyrgyzstan
Donald,Anderson,Serbia
Gregory,Cook,Serbia
Barbara,Kennedy,Poland
Martin,Armstrong,Uganda
Arthur,Armstrong,Albania
Shirley,Roberts,Poland
Earl,Howell,Chile
James,Adams,China
Henry,Jackson,Poland
Russell,Powell,China
Sean,Kelly,Russia
Bobby,Moreno,Peru
Kelly,Phillips,South Korea
Tammy,Wheeler,China
Ronald,Willis,Montenegro
Ronald,Day,Laos
Dennis,Cruz,Honduras
Janice,Carr,Nepal
Christine,Gomez,Honduras
Joseph,Henderson,Sweden
Mildred,Powell,Russia
Alan,Frazier,Philippines
Angela,Bowman,Sweden
Kathryn,Shaw,Indonesia
Evelyn,Powell,United States
Linda,Harper,Portugal
Michael,Cooper,France
Douglas,Lawrence,Poland
Keith,Murray,Peru
Victor,Collins,Kazakhstan
Rachel,Stewart,Portugal
George,Little,Portugal
Gregory,Kelley,Thailand
Rachel,Long,Ecuador
Theresa,Lynch,Morocco
Craig,Daniels,Russia
Dorothy,Castillo,Portugal
Brandon,Bell,Philippines
Bobby,Webb,Madagascar
Aaron,Nelson,Philippines
Anthony,Carter,Indonesia
Ralph,Murray,Indonesia
Jose,Nguyen,France
Joyce,Powell,Philippines
Wayne,Andrews,China
Ronald,Cook,Kazakhstan
Todd,Rogers,Philippines
Anthony,Sanders,United States
Michael,Ruiz,Philippines
William,Kelly,Honduras
Keith,Hicks,China
Gary,Evans,Cuba
Nancy,Hill,Laos
Jessica,Hanson,Mayotte
Willie,Greene,Argentina
Kathryn,Sullivan,Sri Lanka
Lillian,Kennedy,Nigeria
Amanda,Simpson,France
Karen,Davis,Nigeria
Adam,Adams,Russia
Karen,Barnes,Japan
Patricia,Cruz,Russia
Douglas,Snyder,China
David,Moore,Colombia
Jimmy,Perez,China
Lisa,Rogers,Mexico
Kevin,Simmons,Finland
Thomas,Barnes,Sweden
Phyllis,Fisher,Argentina
Harry,Gordon,Russia
Frank,Kim,Egypt
Martha,White,Cyprus
Douglas,Harrison,China
Sara,Reid,Syria
Cynthia,Stephens,Poland
Donald,Robinson,Canada
Antonio,Reed,United States
Gary,Fuller,Ivory Coast
Carl,Martinez,Indonesia
Michelle,Robertson,Philippines
Gerald,Richardson,Brazil
Arthur,Hill,Japan
Craig,Ward,Croatia
Sara,Webb,France
Cynthia,Bradley,China
Beverly,Reid,Poland
Marilyn,Elliott,China
Andrew,Franklin,Ukraine
Carolyn,Crawford,China
Ann,Harris,Russia
Diana,Thompson,Indonesia
Aaron,Riley,Philippines
Judy,Owens,Canada
Bruce,Phillips,China
